Category,Keyword
type,boolean
type,byte
type,word
type,String
built_in,KeyboardController
built_in,MouseController
built_in,SoftwareSerial
built_in,EthernetServer
built_in,EthernetClient
built_in,LiquidCrystal
built_in,RobotControl
built_in,GSMVoiceCall
built_in,EthernetUDP
built_in,EsploraTFT
built_in,HttpClient
built_in,RobotMotor
built_in,WiFiClient
built_in,GSMScanner
built_in,FileSystem
built_in,Scheduler
built_in,GSMServer
built_in,YunClient
built_in,YunServer
built_in,IPAddress
built_in,GSMClient
built_in,GSMModem
built_in,Keyboard
built_in,Ethernet
built_in,Console
built_in,GSMBand
built_in,Esplora
built_in,Stepper
built_in,Process
built_in,WiFiUDP
built_in,GSM_SMS
built_in,Mailbox
built_in,USBHost
built_in,Firmata
built_in,PImage
built_in,Client
built_in,Server
built_in,GSMPIN
built_in,FileIO
built_in,Bridge
built_in,Serial
built_in,EEPROM
built_in,Stream
built_in,Mouse
built_in,Audio
built_in,Servo
built_in,File
built_in,Task
built_in,GPRS
built_in,WiFi
built_in,Wire
built_in,TFT
built_in,GSM
built_in,SPI
built_in,SD
hints,setup
hints,loop
hints,runShellCommandAsynchronously
hints,analogWriteResolution
hints,retrieveCallingNumber
hints,printFirmwareVersion
hints,analogReadResolution
hints,sendDigitalPortPair
hints,noListenOnLocalhost
hints,readJoystickButton
hints,setFirmwareVersion
hints,readJoystickSwitch
hints,scrollDisplayRight
hints,getVoiceCallStatus
hints,scrollDisplayLeft
hints,writeMicroseconds
hints,delayMicroseconds
hints,beginTransmission
hints,getSignalStrength
hints,runAsynchronously
hints,getAsynchronously
hints,listenOnLocalhost
hints,getCurrentCarrier
hints,readAccelerometer
hints,messageAvailable
hints,sendDigitalPorts
hints,lineFollowConfig
hints,countryNameWrite
hints,runShellCommand
hints,readStringUntil
hints,rewindDirectory
hints,readTemperature
hints,setClockDivider
hints,readLightSensor
hints,endTransmission
hints,analogReference
hints,detachInterrupt
hints,countryNameRead
hints,attachInterrupt
hints,encryptionType
hints,readBytesUntil
hints,robotNameWrite
hints,readMicrophone
hints,robotNameRead
hints,cityNameWrite
hints,userNameWrite
hints,readJoystickY
hints,readJoystickX
hints,mouseReleased
hints,openNextFile
hints,scanNetworks
hints,noInterrupts
hints,digitalWrite
hints,beginSpeaker
hints,mousePressed
hints,isActionDone
hints,mouseDragged
hints,displayLogos
hints,noAutoscroll
hints,addParameter
hints,remoteNumber
hints,getModifiers
hints,keyboardRead
hints,userNameRead
hints,waitContinue
hints,processInput
hints,parseCommand
hints,printVersion
hints,readNetworks
hints,writeMessage
hints,blinkVersion
hints,cityNameRead
hints,readMessage
hints,setDataMode
hints,parsePacket
hints,isListening
hints,setBitOrder
hints,beginPacket
hints,isDirectory
hints,motorsWrite
hints,drawCompass
hints,digitalRead
hints,clearScreen
hints,serialEvent
hints,rightToLeft
hints,setTextSize
hints,leftToRight
hints,requestFrom
hints,keyReleased
hints,compassRead
hints,analogWrite
hints,interrupts
hints,WiFiServer
hints,disconnect
hints,playMelody
hints,parseFloat
hints,autoscroll
hints,getPINUsed
hints,setPINUsed
hints,setTimeout
hints,sendAnalog
hints,readSlider
hints,analogRead
hints,beginWrite
hints,createChar
hints,motorsStop
hints,keyPressed
hints,tempoWrite
hints,readButton
hints,subnetMask
hints,debugPrint
hints,macAddress
hints,writeGreen
hints,randomSeed
hints,attachGPRS
hints,readString
hints,sendString
hints,remotePort
hints,releaseAll
hints,mouseMoved
hints,background
hints,getXChange
hints,getYChange
hints,answerCall
hints,getResult
hints,voiceCall
hints,endPacket
hints,constrain
hints,getSocket
hints,writeJSON
hints,getButton
hints,available
hints,connected
hints,findUntil
hints,readBytes
hints,exitValue
hints,readGreen
hints,writeBlue
hints,startLoop
hints,IPAddress
hints,isPressed
hints,sendSysex
hints,pauseMode
hints,gatewayIP
hints,setCursor
hints,getOemKey
hints,tuneWrite
hints,noDisplay
hints,loadImage
hints,switchPIN
hints,onRequest
hints,onReceive
hints,changePIN
hints,playFile
hints,noBuffer
hints,parseInt
hints,overflow
hints,checkPIN
hints,knobRead
hints,beginTFT
hints,bitClear
hints,updateIR
hints,bitWrite
hints,position
hints,writeRGB
hints,highByte
hints,writeRed
hints,setSpeed
hints,readBlue
hints,noStroke
hints,remoteIP
hints,transfer
hints,shutdown
hints,hangCall
hints,beginSMS
hints,endWrite
hints,attached
hints,maintain
hints,noCursor
hints,checkReg
hints,checkPUK
hints,shiftOut
hints,isValid
hints,shiftIn
hints,pulseIn
hints,connect
hints,println
hints,localIP
hints,pinMode
hints,getIMEI
hints,display
hints,noBlink
hints,process
hints,getBand
hints,running
hints,beginSD
hints,drawBMP
hints,lowByte
hints,setBand
hints,release
hints,bitRead
hints,prepare
hints,pointTo
hints,readRed
hints,setMode
hints,noFill
hints,remove
hints,listen
hints,stroke
hints,detach
hints,attach
hints,noTone
hints,exists
hints,buffer
hints,height
hints,bitSet
hints,circle
hints,config
hints,cursor
hints,random
hints,IRread
hints,setDNS
hints,endSMS
hints,getKey
hints,micros
hints,millis
hints,begin
hints,print
hints,write
hints,ready
hints,flush
hints,width
hints,isPIN
hints,blink
hints,clear
hints,press
hints,mkdir
hints,rmdir
hints,close
hints,point
hints,yield
hints,image
hints,BSSID
hints,click
hints,delay
hints,read
hints,text
hints,move
hints,peek
hints,beep
hints,rect
hints,line
hints,open
hints,seek
hints,fill
hints,size
hints,turn
hints,stop
hints,home
hints,find
hints,step
hints,tone
hints,sqrt
hints,RSSI
hints,SSID
hints,end
hints,bit
hints,tan
hints,cos
hints,sin
hints,pow
hints,map
hints,abs
hints,max
hints,min
hints,get
hints,run
hints,put
literal,DIGITAL_MESSAGE
literal,FIRMATA_STRING
literal,ANALOG_MESSAGE
literal,REPORT_DIGITAL
literal,REPORT_ANALOG
literal,INPUT_PULLUP
literal,SET_PIN_MODE
literal,INTERNAL2V56
literal,SYSTEM_RESET
literal,LED_BUILTIN
literal,INTERNAL1V1
literal,SYSEX_START
literal,INTERNAL
literal,EXTERNAL
literal,DEFAULT
literal,OUTPUT
literal,INPUT
literal,HIGH
literal,LOW
